num	name	p_np
2	Terbutylchlorambucil	1
3	40730	1
4	24	1
5	cloxacillin	1
6	cefoperazone	1
7	rolitetracycline	1
8	ondansetron	1
9	diltiazem	1
10	Amiloride	1
11	M2L-663581	0
12	alovudine	1
13	18	1
14	24959	1
15	methadone	1
16	alfentanil	1
17	BRL53080	1
18	hyoscyamine	1
19	glyburide	1
20	lamotrigine	1
21	2-Methylpentane	1
22	Dexamfetamine	1
23	SKF-93619	0
24	nadolol	1
25	sufentanil	1
26	12	0
27	zolpidem	1
28	clozapine	1
29	Org12692	1
30	piperacillin	1
31	Pentobarbital	1
32	Levofloxacin	1
33	compound 40	1
34	RO19-4603	1
35	fentanyl	1
36	etomidate	1
37	11a	0
38	prochlorperazine	1
39	2-(3'-Iodo-4'-aminophenyl)-6-hydroxybenzothiazole	1
40	compound 34	0
41	granisetron	1
42	thiamphenicol	1
43	16	1
44	mexiletine	1
45	dextropropoxyphene	1
46	Nor-1-chlorpromazine	1
47	compound 37	1
48	cefamandole	1
49	Y-G 15	1
50	Org13011	1
51	Quinidine	1
52	38480	1
53	17	1
54	vinblastine	1
55	Bacitracin	1
56	Nor-2-chlorpromazine	1
57	compound 36	1
58	19	0
59	Y-G 14	1
61	sertraline	1
64	vincristine	1
65	SB-222200	1
66	SB-656104-A	1
67	compound 38	1
68	maprotiline	1
69	compound 43	1
70	MIL-663581	0
71	cefotaxime	1
72	carbamazepine-10	1
73	Cyclohexane	1
74	2	1
75	SKF89124	1
76	Org5222	1
77	compound 35	0
78	cefuroxime	1
79	compound 45	1
80	Org4428	1
81	compound 32	1
82	Bretyliumtosilate	1
83	Y-G 20	0
84	ornidazole	1
85	SKF101468	1
86	Org30526	1
87	36	1
88	ceftriaxone	1
89	compound 42	1
90	Org32104	1
91	compound 31	1
92	SB204457	1
93	compound 41	1
94	clomethiazole	1
95	celiprolol	1
96	"""1,1,1-Trifluro-2-chloroethane"""	1
97	33	1
98	cefoxitin	1
99	Org34167	1
100	9-OH Risperidone	1
101	acetaminophen	1
102	acetylsalicylate	0
103	allopurinol	0
104	Alprostadil	0
105	aminophylline	0
106	Amiodarone	0
107	amoxicillin	0
108	ampicillin	0
109	androsan	0
110	oxaflumazine	1
111	oxazepam	1
112	oxiperomide	1
113	oxycodone	1
114	oxymorphone	1
115	pecazine	1
116	pemoline	1
117	pentazocine	1
118	Ethionamide	1
119	Etoposide	0
120	Famotidine	1
121	Fluconazole	1
122	Foscarnetsodium	1
123	Gabapentin	1
124	Nafcillin	0
125	Nalidixicacid	0
126	Nelfinavir	0
127	Astemizole	0
128	atropine	0
129	Auxeomycin	0
130	Betamethasone	0
131	carbenicillin	0
132	carbidopa	0
133	carteolol	0
134	Cefazolin	0
135	cephapirin	0
136	chlorambucil	0
137	pergolide	1
138	perlapine	1
139	perphenazine-HCl	1
140	pethidine	1
141	phencyclidine	1
142	phenelzine sulfate	1
143	phenobarbital	1
144	phenprobamate	1
145	physostigmine	1
146	Norepinephrine	0
147	Omeprazole	0
148	Oxacillin	0
149	Pentostatin	1
150	Phenoxymethylpenicillin	0
151	chloramphenicol	0
152	chlorothiazide	0
153	chlorpropamide	0
154	Chlortetracycline	0
155	chlorthalidone	0
156	clofibrate	0
157	clofibric acid	0
158	clotrimazole	0
159	corticosterone	0
160	Cortisone	0
161	piflutixol	1
162	pimozide	1
163	pinoxepin	1
164	pipamperone	1
165	prazepam	1
166	pregnanolone	1
167	primidone	1
168	procaine	1
169	procyclidine	1
170	promazine	1
171	Pindolol	1
172	Plicamycin	1
173	Pravastatin	0
174	Praziquantel	1
175	Trimethoprim	1
176	Trimetrexate	0
177	Trometamol	0
178	Trovafloxacin	1
179	Urea	1
180	coumarin	0
181	dapsone	0
182	Dehydrocholic acid	0
183	dicumarol	0
184	dicyclomine	0
185	Diethylstilbestrol	0
186	Digitoxin	0
187	Digoxin	0
188	Domperidone	0
189	promethazine-HCl	1
190	propiomazine	1
191	propofol	1
192	protriptyline	1
193	pyridazinone	1
194	quazepam	1
195	rescinnamine	1
196	reserpine	1
197	secobarbital	1
198	spiclomazine	1
199	Atovaquone	0
200	Azelaicacid	0
201	Azithromycin	0
202	Bacitracin	0
203	Bethanechol	0
204	Bretyliumtosilate	0
205	Bromocriptine	0
206	Buprenorphine	1
207	dopamine	0
208	doxorubicin	0
209	doxycycline	0
211	Econazole	0
212	enkephalin	0
213	Ephedrine	0
214	epinephrine	0
215	erythromycin	0
216	estradiol	0
217	tacrine	1
218	temazepam	1
219	tetrabenzine	1
220	thc	1
221	thebaine	1
222	thiethylperazine	1
223	thioridazine	1
224	thiothixene	1
225	tranylcypromine	1
226	trazodone	1
227	Busulfan	1
228	Cefradine	0
229	Chloroquine	1
230	Cisapride	1
231	Cladribine	1
232	Clidiniumbromide	0
233	estrone	0
234	Ethacrynic acid	0
235	ethinylestradiol	0
236	fenoterol	0
237	floxuridine	0
238	Flucloxacillin	0
239	fluorouracil	0
240	furosemide	0
241	ganciclovir	0
242	glycopyrrolate	0
243	trifluperidol	1
244	triflupromazine	1
245	trifluroperazine	1
246	trihexyphenidyl	1
247	trimetozine	1
248	trimipramine	1
249	tybamate	1
250	uridine	1
251	valproicacid	1
252	zimelidine	1
253	Clofazimine	0
254	Colchicine	0
255	Cromoglicicacid	0
256	Cycloserine	1
257	Hydroxycarbamide	1
258	Ipratropiumbromide	0
259	guanabenz	0
260	guanethidinesulfate	0
261	homatropine	0
262	hydralazine	0
263	Hydrochlorothiazide	0
264	Hydrocortisone	0
265	hydroflumethiazide	0
266	ibuprofen	0
267	indomethacin	0
268	35	0
269	1-47	0
270	1-48	1
271	9-OH-risperidone	1
272	Alprazolam	1
273	BCNU	1
274	Itraconazole	0
275	Kanamycin	0
276	Ketoprofen	1
277	Ketorolac	0
278	Metaraminol	0
279	isoniazid	0
280	Isoproterenol	0
281	Isoquercitrin	0
282	Ketoconazole	0
283	labetalol	0
284	levodopa	0
285	mannitol	0
286	Meclocycline	0
287	Meclofenamate	0
288	Mefenamic_acid	0
289	Cimetidine	0
290	Clonidine	1
291	Didanosine	0
292	Metoprolol	1
293	Metronidazole	1
294	Mifepristone	0
295	Minocycline	1
296	Moclobemide	1
297	Propanthelinebromide	0
298	Pyrazinamide	1
299	Pyridostigminebromide	1
300	Pyrimethamine	1
301	Quinine	0
302	melphalan	0
303	mepenzolatebromide	0
304	mepiramine	0
305	mequitazine	0
306	mestranol	0
307	methantheline	0
308	methotrexate	0
309	Methyclothiazide	0
310	methyldopa	0
311	Icotidine	0
312	L-663581	1
313	Lupitidine	0
314	Mianserin	1
315	Midazolam	1
316	Ritonavir	0
317	Saquinavir	0
318	Sevoflurane	1
319	Sodiumamidotrizoate	0
320	Sotalol	1
321	Stavudine	1
322	Streptomycin	0
323	Sulfadiazine	1
324	Sulfafurazole	1
325	Methylprednisolone	0
326	Miconazole	0
327	nandrolone	0
328	neodicoumarol	0
329	Nicotinyl alcohol	0
330	norethindrone	0
331	norfenefrine	0
332	nylidrin	0
333	Oxandrolone	0
334	Oxaprozin	0
335	Mirtazapine	1
336	Nevirapine	1
337	Org12962	1
338	Org30526	1
339	Org32104	1
340	Org34167	1
341	Org4428	1
342	Org5222	1
343	Ranitidine	0
344	Sulfamethoxazole	1
345	Tamoxifen	1
346	Ticarcillin	1
347	Topotecan	1
348	Zalcitabine	1
349	Zonisamide	1
350	AmphotericinB	0
351	Calcium-folinate	1
352	oxytetracycline	0
353	papaverine	0
354	penicillin G	0
355	phenacetin	0
356	phenazopyridine	0
357	pheniramine	0
358	Phenolphthalein	0
359	phenoxybenzamine	0
360	Phenylbutazone	0
361	pirbuterol	0
362	Risperidone	1
363	Phenserine	1
364	Temelastine	0
365	Tibolone	1
366	Ceftazidime	1
367	Flucytosine	1
368	Guanadrel	0
369	Lomustine	1
370	Mesna	0
371	Streptozotocin	0
372	Teniposide	1
373	Thiotepa	1
374	Vancomycin	0
375	Polythiazide	0
376	prednisolone	0
377	prednisone	0
378	probenecid	0
379	progesterone	0
380	propranolol	0
381	proscillaridin	0
382	puromycin	0
383	ribavirin	0
384	Tiotidine	1
385	Zolantidine	1
386	1-hydroxymidazolam	1
388	111-trifluoro-2-chloroethane	1
389	2-methylpropanol	1
390	"""2,2-dimethylbutane"""	1
391	Vidarabine	1
392	Bis-hydroxylated-L-663581	0
394	Mono-hydroxylated-L-663581	0
395	Thioperamide	1
396	rifampin	0
397	salicylic acid	0
398	scopolamine	0
399	Spironolactone	0
400	Stanozolol	0
401	sulfasalazine	0
402	Terconazole	0
403	testolactone	0
404	testosterone	0
405	TetraCycline	0
406	3-methylhexane	1
407	3-methylpentane	1
408	4-hydroxymidazolam	1
409	Aminopyrine	1
410	Atenolol	0
411	Benzene	1
412	Bretazenil	1
413	Bromperidol	1
414	Mefloquine	1
415	Ofloxacin	1
416	Tifluadom	1
417	aldosterone	0
418	BRL52537	1
419	BRL52580	1
420	BRL52656	1
421	BRL52871	1
422	theophylline	0
423	thioguanine	0
424	tolazamide	0
425	tolbutamide	0
426	Triamcinolone	0
427	Triamterene	0
428	Trichlormethiazide	0
429	valinomycin	0
430	verapamil	0
431	warfarin	0
432	Butanone	1
433	Cyclopropane	1
434	Desmethyldesipramine	1
435	Dichloromethane	1
436	Diethylether	1
437	Divinylether	1
438	Enflurane	1
439	BRL52974	0
440	BRL53087	1
441	carebastine	0
442	cetirizine	0
443	ciprofloxacin	0
444	cp102	0
445	cp107	0
446	yohimbine	0
447	zidovudine	0
448	acepromazine	1
449	acetophenazine	1
450	acetozalamide	1
451	allobarbital	1
452	amantadine	1
453	amitriptyline	1
454	amobarbital	1
455	amphetamine	1
456	Ethanol	1
457	Ethylbenzene	1
458	Flumazenil	1
459	Flunitrazepam	1
460	Fluroxene	1
461	Halothane	1
462	Heptane	1
463	Hexane	1
464	cp20	1
465	cp21	1
466	cp24	1
467	cp25	1
468	cp29	1
469	cp41	0
470	cp94	1
471	difloxacin	0
472	antipyrine	1
473	apomorphine	1
474	arecoline	1
475	azaperone	1
476	benactyzine	1
477	benperidol	1
478	benzocaine	1
479	benzquinamide	1
480	benztropine	1
481	biperiden	1
482	Hexobarbital	1
483	Indinavir	1
484	Isoflurane	1
485	Methohexital	1
486	Methoxyflurane	1
487	Methylcyclopentane	1
488	Nor-1-chlorpromazine	1
489	Nor-2-chlorpromazine	1
490	doxylamine	1
491	EMD60400	0
492	enoxacin	0
493	fleroxacin	0
494	GR85571	1
495	GR88377	1
496	GR89696	1
497	bromazepam	1
498	buclizine	1
499	bufotenine	1
500	bupropion	1
501	buramate	1
502	butabarbital	1
503	caffeine	1
504	cannabidiol	1
505	capuride	1
506	carbamazepine	1
507	Northioridazine	1
508	Org13011	1
509	Paraxanthine	1
510	Pentane	1
511	Propanol	1
512	Propanone	1
513	GR89696_et	1
514	GR89696_pr	1
515	GR91272	1
516	GR94839	0
517	GR94839_A	0
518	GR94839_B	0
519	GR94839_C	0
520	GR94839_D	0
521	GR94839_E	0
522	GR94839_F	0
523	carphenazine	1
524	cartazolate	1
525	centazolone	1
526	chloralhydrate	1
527	chlordiazepoxide	1
528	chlorpromazine	1
529	chlorprothixene	1
530	chlorzoxazone	1
531	choline	1
532	clobazam	1
533	RO19-4603	1
534	SKF101468	1
535	SKF89124	1
536	Salicyluricacid	1
537	Sulforidazine	1
538	Teflurane	1
539	Theobromine	1
540	Thiopental	0
541	Toluene	1
542	Triazolam	1
543	GR94839_G	0
544	GR94839_H	0
545	GR94839_I	0
546	GR94839_L	0
547	ICI197067	1
548	ICI199441	1
549	isoxicam	0
550	Levallorphan	1
551	lomefloxacin	0
552	loperamide	0
553	clomipramine	1
554	clonazepam	1
555	clopenthixol	1
556	clopimozide	1
557	cocaine	1
558	codeine	1
559	cyclazocine	1
560	cyclophenazine	1
561	deanol	1
562	demerol	1
563	Trichloroethylene	1
564	Trichloromethane	1
565	Y-G14	1
566	Y-G15	1
567	Y-G16	1
568	Y-G19	0
569	Y-G20	0
570	m-Xylene	1
571	loratadine	0
572	meloxicam	0
573	Nalorphine	1
574	naltrexone	1
575	norfloxacin	0
576	pefloxacin	0
577	piroxicam	0
578	roxindole	1
579	deserpidine	1
580	desipramine	1
581	diazepam	1
582	dihydrocodeine	1
583	dihydromorphine	1
584	diphenhydramine	1
585	diphenhylhydantoin	1
586	dixyrazine	1
587	DMT	1
588	o-Xylene	1
589	p-Xylene	1
590	2-propanol	1
591	Carbamazepineepoxide	1
592	SB-222200	1
593	Tertbutylchlorambucil	1
594	Delavirdine	0
595	Ebastine	0
596	Pirenzepine	1
597	RP60180	1
598	rufloxacin	0
599	salbutamol	0
600	Sankyo	1
601	SB201708	1
602	SB204454	0
603	SB204459	0
604	SB204484	1
605	SB205563	0
606	doxepin	1
607	doxylamine succinate	1
608	droperidol	1
609	ectylurea	1
610	emylcamate	1
611	estazolam	1
612	etaqualone	1
613	etazolate	1
614	ethchlorvynol	1
615	ethinamate	1
617	5-66	1
618	5-67	1
619	5-68	1
620	5-69	1
621	7-K06	1
622	7-K08	1
623	7-K10	1
624	SB205605	0
625	skb_a	1
626	skb_c	1
627	skb-d	0
628	skb-e	0
629	skb-f	0
630	skb-g	0
631	skb-h	0
632	skb-i	0
633	sparfloxacin	0
634	ethosuximide	1
635	etymemazine	1
636	flupentixol	1
637	fluphenazine	1
638	flurazepam	1
639	glaziovine	1
640	glutethimide	1
641	haloperidol	1
642	harmalol	1
643	harman	1
645	14	1
646	15	1
654	tamitinol	1
655	tenoxicam	0
656	terfenadine	0
657	U50488	1
658	heroin	1
659	hexapropymate	1
660	homophenazine	1
661	hydrocodone	1
662	hydroxyphenamate	1
663	hydroxyzine	1
664	imipramine	1
665	ketamine	1
666	kynurenic acid	1
667	24	1
668	25	1
669	26	1
670	27	1
671	28	1
672	30	1
673	4	0
674	8-5	0
675	BBcpd10	0
676	9-C1	1
677	lenperone	1
678	levorphanol	1
679	lidocaine	1
680	lorazepam	1
681	lorcainide	1
682	meclofenoxate	1
683	mecloqualone	1
684	medazepam	1
685	meprobamate	1
686	9-C15	1
688	9-C7	1
689	Abacavir	1
690	Acebutolol	1
691	Aciclovir	1
692	Albendazole	1
693	Amifostine	0
694	mescaline	1
695	mesoridazine	1
696	methamphetamine	1
697	methaqualone	1
698	methocarbamol	1
699	methopromazine	1
700	methotrimeprazine	1
701	methylpentynol	1
702	methylphenidate	1
703	methyprylon	1
704	Amikacin	1
705	Aminosalicylicacid	0
706	Cytarabine	1
707	Dacarbazine	1
708	Daunorubicin	0
709	Demeclocycline	0
710	Desmethylclobazam	1
711	Desmonomethylpromazine	1
712	Dexrazoxane	0
713	midazolam maleate	1
714	moperone	1
715	morphine	1
716	MPTP	1
717	naloxone	1
718	nicotine	1
719	nitrazepam	1
720	nordazepam	1
721	nortriptyline	1
722	orphenadrine	1
723	Dextromethorphan	1
724	Dihydroergotamine	0
725	Disulfiram	1
726	Efavirenz	0
727	Enalapril	0
728	Ethambutol	0
729	aclarubicin	0
730	adicillin	0
731	adrenaline	0
732	adriamycinol-aglycone	0
733	almecillin	0
734	amantocillin	0
735	amdinocillinpivoxil	0
736	amicycline	0
737	amrubicin	0
738	apalcillin	0
739	apicycline	0
740	apramycin	0
741	arbekacin	0
742	aspoxicillin	0
743	astromicin	0
745	bacmecillinam	0
746	bekanamycin	0
747	benserazide	0
748	bepridil	0
749	berythromycin	0
750	butikacin	0
751	carbuterol	0
752	carfecillin	0
753	carindacillin	0
754	carubicin	0
755	carumonam	0
756	cefaclor	0
757	cefadroxil	0
758	cefalexin	0
759	cefaloram	0
760	cefaparole	0
761	cefatrizine	0
762	cefazaflur	0
763	cefazedone	0
764	cefcanel	0
765	cefcanel-daloxate	0
766	cefcapene	0
767	cefdaloxime	0
768	cefdinir	0
769	cefditoren	0
770	cefedrolor	0
771	cefetamet	0
772	cefetrizole	0
773	cefivitril	0
774	cefixime	0
775	cefmenoxime	0
776	cefmetazole	0
777	cefminox	0
778	cefodizime	0
779	cefonicid	0
780	ceforanide	0
781	cefotetan	0
782	cefotiam	0
783	cefoxazole	0
784	cefpiramide	0
785	cefpodoxime	0
786	cefprozil	0
787	cefrotil	0
788	cefroxadine	0
789	cefsumide	0
790	cefteram	0
791	ceftezole	0
792	ceftibuten	0
793	ceftiofur	0
794	ceftiolene	0
795	ceftioxide	0
796	ceftizoxime	0
797	cefuracetime	0
798	cefuroxime-axetil	0
799	cefuroxime-pivoxetil	0
800	cefuzonam	0
801	cephacetrile	0
802	cephaloglycin	0
803	cephalosporin-c	0
804	cephalothin	0
805	cetocycline	0
806	clarithromycin	0
807	clindamycin	0
808	clindamycin-phosphate	0
809	clometocillin	0
810	clomocycline	0
811	cyclacillin	0
812	cyclosporina	0
813	dactinomycin	0
814	demecycline	0
815	detorubicin	0
816	dibekacin	0
817	dicloxacillin	0
818	dihydrostreptomycin	0
819	diosmin	0
820	dipivefrin	0
821	diproleandomycin	0
822	dipyridamole	0
823	dirithromycin	0
824	docetaxel	0
825	efrotomycin	0
827	epicillin	0
828	eqvalan	0
829	esorubicin	0
830	etamocycline	0
831	etilefrine	0
832	felodipine	0
833	fenbenicillin	0
834	fenoxazoline	0
835	fexofenadine	0
836	fibracillin	0
838	flurithromycin	0
839	fropenem	0
840	fumoxicillin	0
841	furbucillin	0
842	fusidic-acid	0
843	gentamicin	0
844	gloximonam	0
845	gramicidin-s-2	0
846	grepafloxacin	0
847	guamecycline	0
848	hetacillin	0
849	hydroxyamphetamine	0
850	hydroxyephedrine	0
851	hymecromone	0
852	idarubicin	0
853	imipenem	0
854	isepamicin	0
855	isopropicillin	0
856	josamycin	0
857	lenampicillin	0
858	lenapenem	0
859	leurubicin	0
860	lexithromycin	0
861	lincomycin	0
862	loracarbef	0
863	losartan	0
864	lymecycline	0
865	mecillinam	0
866	mecloxamine	0
867	medorubicin	0
868	meropenem	0
869	metampicillin	0
870	methacycline	0
871	methoxyphedrine	0
872	meticillin	0
873	mezlocillin	0
874	mibefradil	0
875	midecamycin	0
876	mikamycin	0
877	mirincamycin	0
878	mitomycin	0
879	moxalactam	0
880	neamine	0
881	netilmicin	0
882	nicardipine	0
883	nifedipine	0
884	nitrendipine	0
885	nitrocycline	0
886	novobiocin	0
887	oleandomycin	0
889	oximonam	0
890	paclitaxel	0
891	pecocycline	0
892	penamecillin	0
894	penimocycline	0
895	phenethicillin	0
896	pipacycline	0
897	pirarubicin	0
898	pirbenicillin	0
899	piridicillin	0
900	piroxicillin	0
901	pivampicillin	0
902	pivenfrine	0
903	prazocillin	0
904	pristinamycin-ic	0
905	propafenone	0
906	propicillin	0
907	propikacin	0
908	quinacillin	0
909	rifabutin	0
910	rifametane	0
911	rifamexil	0
912	rifamide	0
913	rifampin	0
914	rifamycin	0
915	rifapentine	0
916	rifaximin	0
917	ritipenem	0
918	rodorubicin	0
919	rotamicillin	0
920	roxithromycin	0
921	sanfetrinem	0
922	sarmoxicillin	0
923	sarpicillin	0
924	sedecamycin	0
925	sisomicin	0
926	spiramycin	0
927	sulbenicillin	0
928	sulopenem	0
929	sultamicillin	0
930	suncillin	0
931	tacrolimus	0
932	talampicillin	0
933	tazobactam	0
934	teicoplanin	0
935	temocillin	0
936	theodrenaline	0
937	thiphencillin	0
938	tigemonam	0
939	tobicillin	0
940	tobramycin	0
941	tolcapone	0
942	troleandomycin	0
943	trospectomycin	0
944	tymazoline	0
945	vindesine	0
946	virginiamycin-factor-m1	0
947	xantocillin	0
948	zorubicin	0
949	cryofluorane	1
950	gacyclidine	1
951	fenetylline	1
952	acaprazine	1
953	acebrochol	1
954	acecarbromal	1
955	acefurtiamine	1
956	aceglutamide	1
957	aceperone	1
958	acetaminosalol	1
959	acetazolamide	1
960	acetiamine	1
961	acetorphan/racecadotril/ecadotril	1
962	acetorphine	1
963	acetylmethadol/levacetylmethadol/alphacetylmethadol/betacetylmethadol	1
964	acevaltrate	1
965	acrocinonide	1
966	acyclovir/aciclovir	1
967	adafenoxate	1
968	adatanserin	1
969	alaproclate	1
970	alclometasone-dipropionate	1
971	alentemol	1
972	alfadolone	1
973	alfaxalone/renanolone	1
974	algestone-acetonide	1
975	aliflurane	1
976	alletorphine	1
977	allomethadione	1
978	almoxatone	1
979	alnespirone	1
980	alonimid	1
981	aloracetam	1
982	alozafone	1
983	alphameprodine/betameprodine	1
984	alphamethadol	1
985	alpiropride	1
986	alrestatin	1
987	amcinafal	1
988	amcinafide	1
989	amcinonide	1
990	amelometasone	1
991	ameltolide	1
992	amesergide	1
993	amfetaminil	1
994	amineptine	1
995	amisulpride	1
996	amitriptylinoxide	1
997	amixetrine	1
998	amperozide	1
999	amphenidone	1
1000	ampyzine	1
1001	amylene-hydrate	1
1002	anileridine	1
1003	aniracetam	1
1004	anseculin	1
1005	apadoline	1
1006	aprobarbital	1
1007	aripiprazole	1
1008	ascorbic-acid	1
1009	aspirin	1
1010	atolide	1
1011	atromepine	1
1012	atropine-oxide	1
1013	avizafone	1
1014	axamozide	1
1015	azabon	1
1016	azabuperone	1
1017	azacyclonol	1
1018	azaloxan	1
1019	azaquinzole	1
1020	azepindole	1
1021	azipramine	1
1022	balaperidone	1
1023	bamifylline	1
1024	barbital	1
1025	batelapine	1
1026	beclamide	1
1027	beclomethasone/beclometasone	1
1028	befloxatone	1
1029	bemegride	1
1030	benfotiamine	1
1031	benorilate	1
1032	bentazepam	1
1033	bentiamine	1
1034	benzaprinoxide	1
1036	benzyl-alcohol	1
1037	berupipam	1
1038	bervastatin	1
1039	betamethasone-acibutate	1
1040	betamethasone-benzoate	1
1041	binospirone	1
1042	biotin	1
1043	bipenamol	1
1044	biriperone	1
1045	bisbentiamine	1
1046	bisorcic	1
1047	blonanserin	1
1048	bremazocine	1
1049	brofoxine	1
1050	bromisoval	1
1052	brosotamide	1
1053	brosuximide	1
1054	brotizolam	1
1055	buciclovir	1
1056	butacetin	1
1057	butaclamol	1
1058	butaperazine	1
1059	butoctamide	1
1060	butorphanol	1
1061	cabergoline	1
1062	cafedrine	1
1063	camazepam	1
1064	camphor	1
1065	caproxamine	1
1066	captodiame	1
1067	carbubarb	1
1068	carburazepam	1
1069	carfimate	1
1070	carmantadine	1
1071	caroxazone	1
1072	carperone	1
1073	carphenazine/carfenazine	1
1074	carzenide	1
1075	cathinone	1
1076	cebaracetam	1
1077	celucloral	1
1078	cerivastatin	1
1079	cetohexazine	1
1080	cetophenicol/cetofenicol	1
1081	cetotiamine	1
1082	chloralose	1
1083	chlorhexadol/chloralodol	1
1084	chlormezanone	1
1085	chloroform	1
1087	chromocarb	1
1088	ciclesonide	1
1089	ciclotizolam	1
1090	cicortonide	1
1091	cilobamine	1
1092	cimemoxin	1
1093	cimepanol	1
1094	cimoxatone	1
1095	cinoctramide	1
1096	cinolazepam	1
1097	ciprazafone	1
1098	ciprocinonide	1
1099	citatepine	1
1100	clebopride	1
1101	clidafidine	1
1102	clobetasone	1
1103	clobetasone-butyrate	1
1104	clocapramine	1
1105	clocortolone	1
1106	clocortolone-acetate	1
1107	clocortolone-pivalate	1
1108	clodazon	1
1109	clofenciclan	1
1110	clofluperol	1
1111	clopenthixol/zuclopenthixol	1
1112	cloperidone	1
1113	cloprednol	1
1114	clorethate/cloretate	1
1115	clorgiline	1
1116	cloroperone	1
1117	clorotepine	1
1118	clotiazepam	1
1119	cloticasone(cloticasone-propionate)	1
1120	clotixamide(clotixamide)	1
1121	cogazocine	1
1122	conorphone(conorfone)	1
1123	cormetasone	1
1124	cortexolone(cortodoxonecortifen)	1
1125	cortisone-acetate	1
1126	cortisuzol	1
1127	cortivazol	1
1128	cotinine	1
1129	cotriptyline	1
1130	crilvastatin	1
1131	crotetamide	1
1132	cyclarbamate	1
1133	cyclindole(ciclindole)	1
1134	cyclobarbital	1
1135	cyclobenzaprine	1
1136	cyclopregnol	1
1137	cycotiamine	1
1138	cyheptamide	1
1139	cyprenorphine	1
1140	cyprodenate	1
1141	cyprolidol	1
1142	cyproximide(ciproximide)	1
1143	dacemazine	1
1144	dazadrol	1
1145	decimemide	1
1146	delfaprazine	1
1147	demoxepam	1
1148	denbufylline	1
1149	deprodone	1
1150	desciclovir	1
1151	descinolone(descinolone-acetonide)	1
1152	desonide	1
1153	desoximetasone	1
1154	detomidine	1
1155	dexamethasone-acefurate	1
1156	dexamisole	1
1157	deximafen(imafen)	1
1158	dexoxadrol(dioxadrolandlevoxadrol)	1
1159	dichlorisone	1
1160	dichlorisone-acetate	1
1162	diclometide	1
1163	didrovaltrate	1
1164	difebarbamate	1
1165	difluanine(difluanazine)	1
1166	diflucortolone	1
1167	diflucortolone-pivalate	1
1168	dimelazine	1
1169	dimethadione	1
1170	dimethazan	1
1171	dimethylamphetamine(dimethamphetamine)	1
1172	dimiracetam	1
1173	dioxamate	1
1174	diphoxazide	1
1175	diprenorphine	1
1176	divaplon	1
1177	dizocilpine(MK-801)	1
1178	domoprednate	1
1179	donepezil	1
1180	dopamantine	1
1181	doxapram	1
1182	drotebanol	1
1183	duloxetine	1
1184	duoperone	1
1185	dupracetam	1
1186	eclanamine	1
1187	edaravone	1
1188	efetozole	1
1189	elanzepine	1
1190	elfazepam	1
1191	elopiprazole	1
1192	eltoprazine	1
1193	embutramide	1
1194	enciprazine	1
1195	encyprate	1
1196	endixaprine	1
1197	endomide	1
1198	endrysone(endrisone)	1
1199	enilospirone	1
1200	eptastigmine	1
1201	erizepine	1
1202	etacepride	1
1203	etamiphyllin	1
1204	etasuline	1
1205	etazepine	1
1206	ethomoxane	1
1209	ethypicone	1
1210	eticyclidine	1
1211	etifoxine	1
1212	etiracetam(levetiracetam)	1
1213	etisulergine	1
1214	etodroxizine	1
1215	etoperidone	1
1216	etorphine	1
1217	etoxadrol	1
1218	famciclovir	1
1219	fantridone	1
1220	fasiplon	1
1221	fasoracetam	1
1222	febarbamate	1
1223	felbamate	1
1224	femoxetine	1
1225	fenaperone	1
1226	fenbutrazate	1
1227	fencamfamin	1
1228	fengabine	1
1229	fenharmane	1
1230	fenimide	1
1231	fenmetozole	1
1232	fenmetramide	1
1233	fenobam	1
1234	fenozolone	1
1235	fenpentadiol	1
1236	fepitrizol	1
1237	fipexide	1
1238	flerobuterol	1
1239	florfenicol	1
1240	fluacizine	1
1241	fluazacort	1
1242	flubanilate	1
1243	flubepride	1
1244	flucloronide(fluclorolone-acetonide)	1
1245	fludrocortisone	1
1246	fludrocortisone-acetate	1
1247	flumezapine	1
1248	flumoxonide	1
1249	fluocinonide	1
1250	fluocortin	1
1251	fluocortolone-caproate	1
1252	fluoresone	1
1253	fluorometholone-acetate	1
1254	fluotracen	1
1255	fluoxetine	1
1256	fluphenazine-enanthate	1
1257	flupimazine	1
1258	fluprazine	1
1259	fluspirilene	1
1260	flutazolam	1
1261	flutemazepam	1
1262	fluticasone	1
1263	fluticasone-propionate	1
1264	flutizenol	1
1265	flutomidate	1
1266	flutroline	1
1267	fluvastatin	1
1268	fluvoxamine	1
1269	fluzinamide	1
1270	folic-acid	1
1271	formocortal	1
1272	fosazepam	1
1273	fosenazide	1
1274	fosfomycin	1
1275	fosphenytoin	1
1276	ftormetazine	1
1277	ftorpropazine	1
1278	furomazine	1
1279	fursultiamine	1
1280	gaboxadol	1
1281	ganaxolone	1
1282	gedocarnil	1
1283	gemazocine	1
1284	gepirone	1
1285	gevotroline	1
1286	girisopam	1
1287	halcinonide	1
1288	halocortolone	1
1289	halopemide	1
1290	haloperidol-decanoate	1
1291	halopredone(halopredone-acetate)	1
1292	haloxazolam	1
1293	hexapradol	1
1294	homopipramol	1
1295	homprenorphine	1
1296	hopantenic-acid	1
1297	hydrocortamate	1
1298	hydrocortisone-aceponate	1
1299	hydrocortisonecypionate(hydrocortisone-cipionate)	1
1300	hydrocortisone-hemisuccinate	1
1301	hydrocortisone-valerate	1
1302	hydromorphinol	1
1303	hydroxindasol	1
1305	iclazepam	1
1306	ifoxetine	1
1307	ilepcimide	1
1308	iloperidone	1
1309	imiclopazine	1
1310	imidoline	1
1311	imipraminoxide	1
1312	indatraline	1
1313	indeloxazine	1
1314	indomethacin(indometacin)	1
1315	indriline	1
1316	iproclozide	1
1317	iprozilamine	1
1318	ipsapirone	1
1319	isocarboxazid	1
1320	isoflupredone	1
1321	isoflupredone-acetate	1
1322	itrocinonide	1
1323	ivoqualine	1
1324	ketazocine	1
1325	ketazolam	1
1326	ketobemidone	1
1327	lesopitron	1
1328	levophenacylmorphan	1
1329	linopirdine	1
1330	lisuride	1
1331	litracen	1
1332	lofendazam	1
1333	lofentanil	1
1334	lofepramine	1
1335	lometraline	1
1336	lopirazepam	1
1337	loprazolam	1
1338	loratadine	1
1339	lormetazepam	1
1340	lorpiprazole	1
1341	lortalamine	1
1342	lorzafone	1
1343	losigamone	1
1344	loteprednol(loteprednol-etabonate)	1
1345	loxapine	1
1346	lufuradom	1
1347	mazindol	1
1348	mazipredone	1
1349	mebanazine	1
1350	mebutamate	1
1351	meclonazepam	1
1352	mecloralurea	1
1353	meclorisone(meclorisone-dibutyrate)	1
1354	medrysone	1
1355	mefexamide	1
1356	melitracen	1
1357	melperone	1
1358	memantine	1
1359	mephenoxalone	1
1360	meprotixol	1
1361	mequitazine	1
1362	mesulergine	1
1363	metacetamol	1
1364	metaglycodol	1
1365	methapyrilene	1
1366	metharbital	1
1367	methitural	1
1368	methyldesorphine	1
1369	methyldihydromorphine	1
1370	methylprednisolone21hemisuccinate(methylprednisolone-hemisuccinate)	1
1371	metiapine	1
1372	metofenazate	1
1373	metopimazine	1
1374	metopon	1
1375	metoserpate	1
1376	metoxepin	1
1377	metralindole	1
1378	mevastatin	1
1379	mexazolam	1
1380	mezilamine	1
1381	miconazole	1
1382	midaflur	1
1383	milacemide	1
1384	milameline	1
1385	minaprine	1
1386	minaxolone	1
1387	mirisetron	1
1388	moclobemide	1
1389	modafinil	1
1390	mometasone(mometasone-furoate)	1
1391	monometacrine	1
1392	morsuximide	1
1393	mosapramine	1
1394	motrazepam	1
1395	moxadolen	1
1396	moxiraprine	1
1397	myrophine	1
1398	nabazenil	1
1399	nabilone	1
1400	nafimidone	1
1401	naflocort	1
1402	nalbuphine	1
1403	nalmefene	1
1404	nalmexone	1
1406	napamezole	1
1407	naprodoxime	1
1408	nefazodone	1
1409	nefiracetam	1
1410	neflumozide	1
1411	nialamide	1
1412	niaprazine	1
1413	nicocortonide	1
1414	nicomorphine	1
1415	nicopholine	1
1416	nicotinamide	1
1417	nikethamide	1
1418	nimetazepam	1
1419	nisobamate	1
1420	nisoxetine	1
1421	nitrafudam	1
1422	nivazol(nivacortol)	1
1423	nomelidine	1
1424	nomifensine	1
1425	nonapyrimine	1
1426	norflurane	1
1427	norlevorphanol	1
1428	normorphine	1
1429	nortetrazepam	1
1430	noscapine	1
1431	noxiptiline	1
1432	nuclotixene	1
1433	ocaperidone	1
1434	ocinaplon	1
1435	octamoxin	1
1436	octriptyline	1
1437	omiloxetine	1
1438	oxaflozane	1
1439	oxcarbazepine	1
1441	oxiracetam	1
1442	oxisopred	1
1443	oxitriptan	1
1444	oxitriptyline	1
1445	pagoclone	1
1446	panadiplon	1
1447	panamesine	1
1448	pancopride	1
1449	panuramine	1
1450	paraldehyde	1
1451	paramethasone-acetate	1
1452	pargyline	1
1453	paroxetine	1
1454	pazinaclone	1
1455	penfluridol	1
1456	pentabamate	1
1457	pentamorphone	1
1458	penthrichloral	1
1459	pentiapine	1
1460	perafensine	1
1461	perospirone	1
1462	perphenazine	1
1463	petrichloral	1
1464	phenacemide	1
1465	phenazocine	1
1466	pheneturide	1
1467	phenmetrazine	1
1468	phenoxypropazine(fenoxypropazine)	1
1469	phensuximide	1
1470	phenyl-salicylate	1
1471	phenytoin	1
1472	phetharbital	1
1473	piberaline	1
1474	picenadol	1
1475	pidolacetamol	1
1476	pipequaline	1
1477	piperacetazine	1
1478	piperilate(pipethanate)	1
1479	pipofezine	1
1480	pipotiazine-palmitate	1
1481	piquindone	1
1482	piracetam	1
1483	pirandamine	1
1484	piriqualone	1
1485	piritramide	1
1486	pirlindole	1
1487	pivagabine	1
1488	pivoxazepam	1
1489	pramiracetam	1
1490	prazitone	1
1491	prednicarbate	1
1492	prednisolamate	1
1493	prednisolone-steaglate	1
1494	prednisolone-tebutate	1
1495	prednylidene	1
1496	pregabalin	1
1497	pregnenolone-succinate	1
1498	pridefine	1
1499	procarbazine	1
1500	procymate	1
1501	proflazepam	1
1502	progabide	1
1503	prolintane	1
1504	promoxolane	1
1505	propacetamol	1
1507	propizepine	1
1508	propofol	1
1509	propyperone	1
1510	prothixene	1
1511	proxibarbal	1
1512	proxorphan	1
1513	proxyphylline	1
1514	psilocybine	1
1515	pyridarone	1
1516	pyritinol	1
1517	quetiapine	1
1518	quilostigmine	1
1519	quinagolide	1
1520	ramciclane	1
1521	rasagiline	1
1522	reclazepam	1
1523	remacemide	1
1524	remifentanil	1
1525	resocortol	1
1526	retigabine	1
1527	ricasetron	1
1528	rilmazafone	1
1529	rimcazole	1
1530	rimexolone	1
1531	ripazepam	1
1532	rivastigmine	1
1533	robalzotan	1
1534	rociclovir	1
1535	rofelodine	1
1536	rofleponide	1
1537	rolicyprine	1
1538	rolipram	1
1539	romergoline	1
1540	romifidine	1
1541	ropinirole	1
1542	roxoperone	1
1543	sabcomeline	1
1544	salicin	1
1545	salicylamide	1
1546	salsalate(salsalic-acid)	1
1547	sameridine	1
1548	saripidem	1
1549	savoxepin	1
1550	selegiline	1
1551	semorphone	1
1552	sertindole	1
1553	setiptiline	1
1554	sibopirdine	1
1555	sibutramine	1
1556	sifaprazine	1
1557	simvastatin	1
1558	soretolide	1
1559	spiperone	1
1560	spiradoline	1
1561	spiramide	1
1562	spirilene	1
1563	spiroxepin	1
1564	stacofylline	1
1565	stiripentol	1
1566	suclofenide	1
1567	sulfamethoxazole(tiabendazole)	1
1569	sulmepride	1
1570	sulthiame(sultiame)	1
1571	sultopride	1
1572	sumacetamol	1
1573	sunepitron	1
1574	suproclone	1
1575	suriclone	1
1576	suritozole	1
1577	taglutimide(biglumide)	1
1578	talopram	1
1579	talsupram	1
1580	taltrimide	1
1581	tameridone	1
1582	tametraline	1
1583	tamitinol	1
1584	tamolarizine	1
1585	tampramine	1
1586	tandamine	1
1587	tandospirone	1
1588	taniplon	1
1589	tasosartan	1
1590	tazomeline	1
1591	tefludazine	1
1592	teflutixol	1
1593	tenilsetam	1
1594	tepirindole	1
1595	terguride	1
1596	tetrabarbital	1
1597	tetrabenazine(tetrabenzine)	1
1598	tetrantoin	1
1599	thalidomide	1
1600	thebacon	1
1601	thialbarbital	1
1602	thiamylal	1
1603	thiazesim(tiazesim)	1
1604	thiopropazate	1
1605	thioproperazine	1
1606	thozalinone(tozalinone)	1
1607	tiagabine	1
1608	tianeptine	1
1609	tienocarbine	1
1610	tifemoxone	1
1611	tilidine	1
1612	timelotem	1
1613	timiperone	1
1614	timirdine	1
1615	timobesone-acetate	1
1616	tinidazole	1
1617	tiomergine	1
1618	tioperidone	1
1619	tiospirone	1
1620	tipredane	1
1621	tisocromide	1
1622	tixadil	1
1623	tixocortol	1
1624	tixocortol-pivalate	1
1625	tofenacin	1
1626	tofisopam	1
1627	toloxychlorinol	1
1628	tolpiprazole	1
1629	tolquinzole	1
1630	tolufazepam	1
1631	tonazocine	1
1632	topiramate	1
1633	tracazolate	1
1634	tralonide	1
1635	tramadol	1
1636	trebenzomine	1
1637	trefentanil	1
1638	triamcinolone-benetonide	1
1639	triamcinolone-furetonide	1
1641	tricetamide	1
1642	triclodazol	1
1643	triclofos	1
1644	triclonide	1
1645	trimetrexate	1
1646	trizoxime	1
1647	trocimine	1
1648	tryptophan(l-tryptophan)	1
1649	uldazepam	1
1650	umespirone	1
1651	urethane	1
1652	valaciclovir	1
1653	valdipromide	1
1654	valganciclovir(RS790702)	1
1655	valproatepivoxil	1
1656	valtrate	1
1657	velnacrine	1
1658	venlafaxine	1
1659	veralipride	1
1660	vigabatrin	1
1661	viloxazine	1
1662	vinyl-ether	1
1663	vitamine(alpha-tocopherol)	1
1664	xaliproden	1
1665	xanthiol	1
1666	xorphanol	1
1667	xylazine	1
1668	zafuleptine	1
1669	zalospirone	1
1670	zetidoline	1
1671	ziprasidone	1
1672	zolazepam	1
1673	zoloperone	1
1674	zoniclezole	1
1675	zopiclone	1
1676	zotepine	1
1677	zylofuramine	1
1678	aceprometazine	1
1679	adinazolam	1
1680	albutoin	1
1681	alclometasone	1
1682	aletamine(alfetamine)	1
1683	algestone	1
1684	alimemazine	1
1685	alpertine	1
1686	alphaprodine(betaprodine)	1
1687	alpidem	1
1688	amebucort	1
1689	amedalin	1
1690	amfonelic-acid	1
1691	amiflamine	1
1692	aminoglutethimide	1
1693	aminopromazine	1
1694	amiperone	1
1695	amoxapine	1
1696	anisopirol	1
1697	aptazapine	1
1698	arfendazam	1
1699	asimadoline	1
1700	atibeprone	1
1701	atropine(hyoscyamine)	1
1702	bazinaprine	1
1703	beclomethasonedipropionate(beclometasone-dipropionate)	1
1704	befuraline	1
1705	beloxepin	1
1706	benmoxin	1
1707	benzobarbital	1
1708	benzoclidine	1
1709	benzoctamine	1
1710	benzphetamine(benzfetamine)	1
1711	besipirdine	1
1712	betamethadol	1
1713	betamethasone-acetate(dexamethasone-acetate)	1
1714	betamethasone-dipropionate(dexamethasone-dipropionate)	1
1715	betamethasone-valerate	1
1716	bifemelane	1
1717	binedaline	1
1718	brallobarbital	1
1719	brifentanil	1
1720	brofaromine	1
1721	bromamid	1
1722	bromodiphenhydramine(bromazine)	1
1723	bromopride	1
1724	bromperidol-decanoate	1
1725	budesonide	1
1726	budipine	1
1727	bufenadrine	1
1728	buspirone	1
1729	butalbital	1
1730	butamoxane	1
1731	butriptyline	1
1732	carbenzide	1
1733	carbocloral	1
1734	carbromal	1
1735	carfentanil	1
1736	carpipramine	1
1737	carvotroline	1
1738	cericlamine	1
1739	chlorcyclizine	1
1740	chlorobutanol	1
1741	chloroprednisone	1
1742	chloroserpidine	1
1743	chlorphenesin-carbamate	1
1744	chlorphenoxamine	1
1745	chlorthenoxazine	1
1746	cianopramine	1
1747	ciclazindol	1
1748	ciclopramine	1
1749	cidoxepin	1
1750	ciladopa	1
1751	cinfenine	1
1752	cinitapride	1
1753	cinperene	1
1754	cinromide	1
1755	cintriamide(cintramide)	1
1756	cinuperone	1
1757	citalopram	1
1758	citenamide	1
1759	clazolam	1
1760	clemeprol	1
1761	climazolam	1
1762	clobetasol	1
1763	clobetasol-propionate	1
1764	clofexamide	1
1765	clomacran	1
1766	clopipazan	1
1767	clothiapine(clotiapine)	1
1768	clovoxamine	1
1769	cloxazolam	1
1770	cloxypendyl	1
1771	cormethasoneacetate(cormetasone-acetate)	1
1772	cropropamide	1
1773	cyamemazine	1
1774	cyclazodone	1
1775	cypenamine	1
1776	cyprazepam	1
1777	dabelotine	1
1778	daledalin	1
1779	damotepine	1
1780	danitracen	1
1781	dapoxetine	1
1782	darvon(dextropropoxypheneandlevopropoxyphene)	1
1783	dazepinil	1
1784	declenperone	1
1785	deflazacort	1
1786	delergotrile	1
1787	delorazepam	1
1788	demexiptiline	1
1789	denzimol	1
1790	depramine	1
1791	desflurane	1
1792	desomorphine	1
1793	dexclamol	1
1794	dextromoramide(levomoramideandracemoramide)	1
1795	dextrorphan	1
1796	dezinamide	1
1797	dezocine	1
1798	diacetylnalorphine	1
1799	dibenzepin	1
1800	dicarbine	1
1801	dichlormezanone	1
1802	diclofensine	1
1803	diethazine	1
1804	difencloxazine	1
1805	diflorasone-diacetate	1
1806	difluprednate	1
1807	dimemorfan	1
1808	dimeprozan	1
1809	dimesone	1
1810	dimetacrine	1
1811	dinazafone	1
1812	doliracetam	1
1813	dosulepin	1
1814	doxefazepam	1
1815	doxenitoin	1
1816	doxibetasol	1
1817	drocinonide	1
1818	dulozafone	1
1819	enpiprazole	1
1820	enprazepine	1
1821	eprobemide	1
1822	eptazocine	1
1823	eterobarb	1
1824	ethotoin	1
1825	ethyl-chloride	1
1826	etizolam	1
1827	etrabamine	1
1828	etryptamine	1
1829	fenaclon	1
1830	fenadiazole	1
1831	fezolamine	1
1832	fletazepam	1
1833	fluanisone	1
1834	flucindol	1
1835	fluciprazine	1
1836	fludiazepam	1
1837	flumethasone(flumetasoneanddiflorasone)	1
1838	flumethasone21pivalate(flumetasone-pivalate)	1
1839	flunisolide	1
1840	flunisolide-acetate	1
1841	fluocinolone	1
1842	fluocinolone-acetonide	1
1843	fluocortin-butyl	1
1844	fluocortolone	1
1845	fluorometholone	1
1846	fluperlapine	1
1847	fluperolone(fluperolone-acetate)	1
1848	fluprednidene	1
1849	fluprednisolone	1
1850	fluprednisolone-valerate	1
1851	fluradoline	1
1852	flurandrenolide(fludroxycortide)	1
1853	fluspiperone	1
1854	flutoprazepam	1
1855	furfenorex	1
1856	galantamine	1
1857	gamfexine	1
1858	guanoxyfen	1
1859	halazepam	1
1860	halometasone	1
1861	heptabarb	1
1862	hepzidine	1
1863	homochlorcyclizine	1
1864	homofenazine(homophenazine)	1
1865	hydrocortisone-acetate	1
1866	hydrocortisone-buteprate	1
1867	hydrocortisone-butyrate	1
1868	hydromorphone	1
1869	hydroxypethidine	1
1870	icometasone-enbutate	1
1871	iminophenimide	1
1872	indalpine	1
1873	intriptyline	1
1874	iprindole	1
1875	iproniazid	1
1876	isomethadone	1
1877	isoprednidene	1
1878	isothamine(profenamine)	1
1879	ketipramine(ketimipramine)	1
1880	ketorfanol	1
1881	levodopa	1
1882	levomepromazine	1
1883	levoprotiline(oxaprotiline)	1
1884	lirequinil	1
1885	litoxetine	1
1886	lobeline	1
1887	lodaxaprine	1
1888	lorcinadol	1
1889	loreclezole	1
1890	losindole	1
1891	maroxepin	1
1892	mazapertine	1
1893	medifoxamine	1
1894	mefeclorazine	1
1895	menitrazepam	1
1896	mephenytoin	1
1897	mephobarbital(methylphenobarbital)	1
1898	mepiprazole	1
1899	meprednisone	1
1900	metaclazepam	1
1901	metamfepramone	1
1902	metapramine	1
1903	metaxalone	1
1904	metazocine	1
1905	metetoin	1
1906	methadone(levomethadone)	1
1907	methastyridone	1
1908	methiomeprazine(levometiomeprazine)	1
1909	methsuximide(mesuximide)	1
1910	methylprednisolone	1
1911	methylprednisolone-aceponate	1
1912	methylprednisolone-acetate	1
1913	metitepine(methiothepin)	1
1914	metomidate	1
1915	mezepine	1
1916	midazolam(midazolammaleate)	1
1917	milenperone	1
1918	milipertine	1
1919	milnacipran	1
1920	mindoperone	1
1921	mirfentanil	1
1922	modaline	1
1923	mofegiline	1
1924	molindone	1
1925	nafenodone(dexnafenodone)	1
1926	napitane	1
1927	naranol	1
1928	nealbarbital	1
1929	nebracetam	1
1930	nefopam	1
1931	nemonapride	1
1932	nerisopam	1
1933	nicodicodine	1
1934	nonaperone	1
1935	norcodeine	1
1936	normethadone	1
1937	ocfentanil	1
1938	odapipam	1
1939	olanzapine	1
1940	opipramol	1
1941	oxanamide	1
1942	oxazolam	1
1943	oxilorphan	1
1944	oxomemazine	1
1945	oxypertine	1
1946	oxyridazine	1
1947	paracetamol(acetaminophen)	1
1948	paramethadione	1
1949	paramethasone	1
1950	parapropamol	1
1951	paraxazone	1
1952	penciclovir	1
1953	pentamoxane	1
1954	pentylenetetrazole(pentetrazol)	1
1955	periciazine	1
1956	perimetazine	1
1957	perisoxal	1
1958	phacetoperane	1
1959	phenaglycodol	1
1960	phendimetrazine	1
1962	pheniprazine	1
1963	phenomorphan	1
1964	pimethixene	1
1965	piminodine	1
1966	pinazepam	1
1967	pipotiazine	1
1968	pipradrol	1
1969	piribedil	1
1970	pizotifen	1
1971	prazepine	1
1972	prednisolone-acetate	1
1973	prednisolone-hemisuccinate	1
1974	prednival	1
1975	premazepam	1
1976	prideperone	1
1977	procinonide	1
1978	profexalone	1
1979	promethazine	1
1980	propoxate	1
1981	prosulpride	1
1982	prothipendyl	1
1983	pyrithyldione	1
1984	pyrovalerone	1
1985	quinupramine	1
1986	ralitoline	1
1987	razobazam	1
1988	reboxetine	1
1989	remoxipride	1
1990	revospirone	1
1991	rilapine	1
1992	riluzole	1
1993	roflurane	1
1994	roletamide	1
1995	rolziracetam	1
1996	ropizine	1
1997	rufinamide	1
1998	sabeluzole	1
1999	seproxetine	1
2000	setoperone	1
2001	sipatrigine	1
2002	spiclamine	1
2003	spiroxatrine	1
2004	sulazepam	1
2006	sulpiride	1
2007	supidimide	1
2008	taclamine	1
2009	talbutal	1
2010	tenilapine	1
2011	teniloxazine	1
2012	tetrazepam	1
2013	thiotetrabarbital	1
2014	tiapride	1
2015	ticabesone(ticabesone-propionate)	1
2016	tienopramine	1
2017	tiflucarbine	1
2018	tiletamine	1
2019	timobesone	1
2020	tolboxane	1
2021	toloxatone	1
2022	tomoxetine	1
2023	toprilidine	1
2024	trepipam(trimopam)	1
2025	triamcinolone-acetonide	1
2026	triamcinolone-diacetate	1
2027	triamcinolone-hexacetonide	1
2028	triclacetamol	1
2029	triflubazam	1
2030	trifluomeprazine	1
2031	trifluoperazine	1
2032	trimethadione	1
2033	tropapride	1
2035	ulobetasol	1
2036	valdetamide	1
2037	valnoctamide	1
2038	valperinol	1
2039	valpromide	1
2040	vinbarbital	1
2041	vinylbital	1
2042	viqualine	1
2043	xanomeline	1
2044	zaleplon	1
2045	zimeldine	1
2046	zomebazam	1
2047	zometapine	1
2049	licostinel	1
2050	ademetionine(adenosyl-methionine)	1
2053	azidamfenicol	1
